<?xml version="1.0" encoding="UTF-8"?>
<root>
  <item name="frameworkandroid.tan.com.bottomframework.customview.ExpandableTextView android.graphics.drawable.Drawable getDrawable(android.content.Context, int) 1">
    <annotation name="android.support.annotation.DrawableRes" />
  </item>
  <item name="frameworkandroid.tan.com.bottomframework.customview.ExpandableTextView mExpandCollapseToggleId">
    <annotation name="android.support.annotation.IdRes" />
  </item>
  <item name="frameworkandroid.tan.com.bottomframework.customview.ExpandableTextView mExpandableTextId">
    <annotation name="android.support.annotation.IdRes" />
  </item>
</root>

