<?xml version="1.0" encoding="UTF-8"?>
<root>
  <item name="frameworkandroid.tan.com.bottomframework.util_Jar.ActivityUtils void startActivity(android.app.Activity, java.lang.Class&lt;?&gt;, int, int) 2">
    <annotation name="android.support.annotation.AnimRes" />
  </item>
  <item name="frameworkandroid.tan.com.bottomframework.util_Jar.ActivityUtils void startActivity(android.app.Activity, java.lang.Class&lt;?&gt;, int, int) 3">
    <annotation name="android.support.annotation.AnimRes" />
  </item>
  <item name="frameworkandroid.tan.com.bottomframework.util_Jar.ActivityUtils void startActivity(android.app.Activity, java.lang.String, java.lang.String, int, int) 3">
    <annotation name="android.support.annotation.AnimRes" />
  </item>
  <item name="frameworkandroid.tan.com.bottomframework.util_Jar.ActivityUtils void startActivity(android.app.Activity, java.lang.String, java.lang.String, int, int) 4">
    <annotation name="android.support.annotation.AnimRes" />
  </item>
  <item name="frameworkandroid.tan.com.bottomframework.util_Jar.ActivityUtils void startActivity(android.os.Bundle, android.app.Activity, java.lang.Class&lt;?&gt;, int, int) 3">
    <annotation name="android.support.annotation.AnimRes" />
  </item>
  <item name="frameworkandroid.tan.com.bottomframework.util_Jar.ActivityUtils void startActivity(android.os.Bundle, android.app.Activity, java.lang.Class&lt;?&gt;, int, int) 4">
    <annotation name="android.support.annotation.AnimRes" />
  </item>
  <item name="frameworkandroid.tan.com.bottomframework.util_Jar.ActivityUtils void startActivity(android.os.Bundle, android.app.Activity, java.lang.String, java.lang.String, int, int) 4">
    <annotation name="android.support.annotation.AnimRes" />
  </item>
  <item name="frameworkandroid.tan.com.bottomframework.util_Jar.ActivityUtils void startActivity(android.os.Bundle, android.app.Activity, java.lang.String, java.lang.String, int, int) 5">
    <annotation name="android.support.annotation.AnimRes" />
  </item>
  <item name="frameworkandroid.tan.com.bottomframework.util_Jar.ConvertUtils double byte2MemorySize(long, int) 1">
    <annotation name="android.support.annotation.IntDef">
      <val name="value" val="{frameworkandroid.tan.com.bottomframework.util_Jar.MemoryConstants.BYTE, frameworkandroid.tan.com.bottomframework.util_Jar.MemoryConstants.KB, frameworkandroid.tan.com.bottomframework.util_Jar.MemoryConstants.MB, frameworkandroid.tan.com.bottomframework.util_Jar.MemoryConstants.GB}" />
    </annotation>
  </item>
  <item name="frameworkandroid.tan.com.bottomframework.util_Jar.ConvertUtils long memorySize2Byte(long, int) 1">
    <annotation name="android.support.annotation.IntDef">
      <val name="value" val="{frameworkandroid.tan.com.bottomframework.util_Jar.MemoryConstants.BYTE, frameworkandroid.tan.com.bottomframework.util_Jar.MemoryConstants.KB, frameworkandroid.tan.com.bottomframework.util_Jar.MemoryConstants.MB, frameworkandroid.tan.com.bottomframework.util_Jar.MemoryConstants.GB}" />
    </annotation>
  </item>
  <item name="frameworkandroid.tan.com.bottomframework.util_Jar.ConvertUtils long millis2TimeSpan(long, int) 1">
    <annotation name="android.support.annotation.IntDef">
      <val name="value" val="{frameworkandroid.tan.com.bottomframework.util_Jar.TimeConstants.MSEC, frameworkandroid.tan.com.bottomframework.util_Jar.TimeConstants.SEC, frameworkandroid.tan.com.bottomframework.util_Jar.TimeConstants.MIN, frameworkandroid.tan.com.bottomframework.util_Jar.TimeConstants.HOUR, frameworkandroid.tan.com.bottomframework.util_Jar.TimeConstants.DAY}" />
    </annotation>
  </item>
  <item name="frameworkandroid.tan.com.bottomframework.util_Jar.ConvertUtils long timeSpan2Millis(long, int) 1">
    <annotation name="android.support.annotation.IntDef">
      <val name="value" val="{frameworkandroid.tan.com.bottomframework.util_Jar.TimeConstants.MSEC, frameworkandroid.tan.com.bottomframework.util_Jar.TimeConstants.SEC, frameworkandroid.tan.com.bottomframework.util_Jar.TimeConstants.MIN, frameworkandroid.tan.com.bottomframework.util_Jar.TimeConstants.HOUR, frameworkandroid.tan.com.bottomframework.util_Jar.TimeConstants.DAY}" />
    </annotation>
  </item>
  <item name="frameworkandroid.tan.com.bottomframework.util_Jar.FragmentUtils android.support.v4.app.Fragment addFragment(android.support.v4.app.FragmentManager, android.support.v4.app.Fragment, int) 2">
    <annotation name="android.support.annotation.IdRes" />
  </item>
  <item name="frameworkandroid.tan.com.bottomframework.util_Jar.FragmentUtils android.support.v4.app.Fragment addFragment(android.support.v4.app.FragmentManager, android.support.v4.app.Fragment, int, boolean) 2">
    <annotation name="android.support.annotation.IdRes" />
  </item>
  <item name="frameworkandroid.tan.com.bottomframework.util_Jar.FragmentUtils android.support.v4.app.Fragment addFragment(android.support.v4.app.FragmentManager, android.support.v4.app.Fragment, int, boolean, boolean) 2">
    <annotation name="android.support.annotation.IdRes" />
  </item>
  <item name="frameworkandroid.tan.com.bottomframework.util_Jar.FragmentUtils android.support.v4.app.Fragment addFragment(android.support.v4.app.FragmentManager, android.support.v4.app.Fragment, int, boolean, boolean, frameworkandroid.tan.com.bottomframework.util_Jar.FragmentUtils.SharedElement...) 2">
    <annotation name="android.support.annotation.IdRes" />
  </item>
  <item name="frameworkandroid.tan.com.bottomframework.util_Jar.FragmentUtils android.support.v4.app.Fragment addFragments(android.support.v4.app.FragmentManager, java.util.List&lt;android.support.v4.app.Fragment&gt;, int, int) 2">
    <annotation name="android.support.annotation.IdRes" />
  </item>
  <item name="frameworkandroid.tan.com.bottomframework.util_Jar.FragmentUtils android.support.v4.app.Fragment addFragments(android.support.v4.app.FragmentManager, java.util.List&lt;android.support.v4.app.Fragment&gt;, int, int, java.util.List&lt;frameworkandroid.tan.com.bottomframework.util_Jar.FragmentUtils.SharedElement&gt;...) 2">
    <annotation name="android.support.annotation.IdRes" />
  </item>
  <item name="frameworkandroid.tan.com.bottomframework.util_Jar.FragmentUtils android.support.v4.app.Fragment hideAddFragment(android.support.v4.app.FragmentManager, android.support.v4.app.Fragment, android.support.v4.app.Fragment, int, boolean, boolean, frameworkandroid.tan.com.bottomframework.util_Jar.FragmentUtils.SharedElement...) 3">
    <annotation name="android.support.annotation.IdRes" />
  </item>
  <item name="frameworkandroid.tan.com.bottomframework.util_Jar.FragmentUtils android.support.v4.app.Fragment popAddFragment(android.support.v4.app.FragmentManager, android.support.v4.app.Fragment, int, boolean) 2">
    <annotation name="android.support.annotation.IdRes" />
  </item>
  <item name="frameworkandroid.tan.com.bottomframework.util_Jar.FragmentUtils android.support.v4.app.Fragment popAddFragment(android.support.v4.app.FragmentManager, android.support.v4.app.Fragment, int, boolean, frameworkandroid.tan.com.bottomframework.util_Jar.FragmentUtils.SharedElement...) 2">
    <annotation name="android.support.annotation.IdRes" />
  </item>
  <item name="frameworkandroid.tan.com.bottomframework.util_Jar.FragmentUtils android.support.v4.app.Fragment replaceFragment(android.support.v4.app.FragmentManager, android.support.v4.app.Fragment, int, boolean) 2">
    <annotation name="android.support.annotation.IdRes" />
  </item>
  <item name="frameworkandroid.tan.com.bottomframework.util_Jar.FragmentUtils android.support.v4.app.Fragment replaceFragment(android.support.v4.app.FragmentManager, android.support.v4.app.Fragment, int, boolean, frameworkandroid.tan.com.bottomframework.util_Jar.FragmentUtils.SharedElement...) 2">
    <annotation name="android.support.annotation.IdRes" />
  </item>
  <item name="frameworkandroid.tan.com.bottomframework.util_Jar.FragmentUtils void setBackgroundResource(android.support.v4.app.Fragment, int) 1">
    <annotation name="android.support.annotation.DrawableRes" />
  </item>
  <item name="frameworkandroid.tan.com.bottomframework.util_Jar.ImageUtils android.graphics.Bitmap getBitmap(int) 0">
    <annotation name="android.support.annotation.DrawableRes" />
  </item>
  <item name="frameworkandroid.tan.com.bottomframework.util_Jar.ImageUtils android.graphics.Bitmap getBitmap(int, int, int) 0">
    <annotation name="android.support.annotation.DrawableRes" />
  </item>
  <item name="frameworkandroid.tan.com.bottomframework.util_Jar.LogUtils void file(int, java.lang.Object) 0">
    <annotation name="android.support.annotation.IntDef">
      <val name="value" val="{frameworkandroid.tan.com.bottomframework.util_Jar.LogUtils.V, frameworkandroid.tan.com.bottomframework.util_Jar.LogUtils.D, frameworkandroid.tan.com.bottomframework.util_Jar.LogUtils.I, frameworkandroid.tan.com.bottomframework.util_Jar.LogUtils.W, frameworkandroid.tan.com.bottomframework.util_Jar.LogUtils.E, frameworkandroid.tan.com.bottomframework.util_Jar.LogUtils.A}" />
    </annotation>
  </item>
  <item name="frameworkandroid.tan.com.bottomframework.util_Jar.LogUtils void file(int, java.lang.String, java.lang.Object) 0">
    <annotation name="android.support.annotation.IntDef">
      <val name="value" val="{frameworkandroid.tan.com.bottomframework.util_Jar.LogUtils.V, frameworkandroid.tan.com.bottomframework.util_Jar.LogUtils.D, frameworkandroid.tan.com.bottomframework.util_Jar.LogUtils.I, frameworkandroid.tan.com.bottomframework.util_Jar.LogUtils.W, frameworkandroid.tan.com.bottomframework.util_Jar.LogUtils.E, frameworkandroid.tan.com.bottomframework.util_Jar.LogUtils.A}" />
    </annotation>
  </item>
  <item name="frameworkandroid.tan.com.bottomframework.util_Jar.LogUtils void json(int, java.lang.String) 0">
    <annotation name="android.support.annotation.IntDef">
      <val name="value" val="{frameworkandroid.tan.com.bottomframework.util_Jar.LogUtils.V, frameworkandroid.tan.com.bottomframework.util_Jar.LogUtils.D, frameworkandroid.tan.com.bottomframework.util_Jar.LogUtils.I, frameworkandroid.tan.com.bottomframework.util_Jar.LogUtils.W, frameworkandroid.tan.com.bottomframework.util_Jar.LogUtils.E, frameworkandroid.tan.com.bottomframework.util_Jar.LogUtils.A}" />
    </annotation>
  </item>
  <item name="frameworkandroid.tan.com.bottomframework.util_Jar.LogUtils void json(int, java.lang.String, java.lang.String) 0">
    <annotation name="android.support.annotation.IntDef">
      <val name="value" val="{frameworkandroid.tan.com.bottomframework.util_Jar.LogUtils.V, frameworkandroid.tan.com.bottomframework.util_Jar.LogUtils.D, frameworkandroid.tan.com.bottomframework.util_Jar.LogUtils.I, frameworkandroid.tan.com.bottomframework.util_Jar.LogUtils.W, frameworkandroid.tan.com.bottomframework.util_Jar.LogUtils.E, frameworkandroid.tan.com.bottomframework.util_Jar.LogUtils.A}" />
    </annotation>
  </item>
  <item name="frameworkandroid.tan.com.bottomframework.util_Jar.LogUtils void xml(int, java.lang.String) 0">
    <annotation name="android.support.annotation.IntDef">
      <val name="value" val="{frameworkandroid.tan.com.bottomframework.util_Jar.LogUtils.V, frameworkandroid.tan.com.bottomframework.util_Jar.LogUtils.D, frameworkandroid.tan.com.bottomframework.util_Jar.LogUtils.I, frameworkandroid.tan.com.bottomframework.util_Jar.LogUtils.W, frameworkandroid.tan.com.bottomframework.util_Jar.LogUtils.E, frameworkandroid.tan.com.bottomframework.util_Jar.LogUtils.A}" />
    </annotation>
  </item>
  <item name="frameworkandroid.tan.com.bottomframework.util_Jar.LogUtils void xml(int, java.lang.String, java.lang.String) 0">
    <annotation name="android.support.annotation.IntDef">
      <val name="value" val="{frameworkandroid.tan.com.bottomframework.util_Jar.LogUtils.V, frameworkandroid.tan.com.bottomframework.util_Jar.LogUtils.D, frameworkandroid.tan.com.bottomframework.util_Jar.LogUtils.I, frameworkandroid.tan.com.bottomframework.util_Jar.LogUtils.W, frameworkandroid.tan.com.bottomframework.util_Jar.LogUtils.E, frameworkandroid.tan.com.bottomframework.util_Jar.LogUtils.A}" />
    </annotation>
  </item>
  <item name="frameworkandroid.tan.com.bottomframework.util_Jar.LogUtils.Builder frameworkandroid.tan.com.bottomframework.util_Jar.LogUtils.Builder setConsoleFilter(int) 0">
    <annotation name="android.support.annotation.IntDef">
      <val name="value" val="{frameworkandroid.tan.com.bottomframework.util_Jar.LogUtils.V, frameworkandroid.tan.com.bottomframework.util_Jar.LogUtils.D, frameworkandroid.tan.com.bottomframework.util_Jar.LogUtils.I, frameworkandroid.tan.com.bottomframework.util_Jar.LogUtils.W, frameworkandroid.tan.com.bottomframework.util_Jar.LogUtils.E, frameworkandroid.tan.com.bottomframework.util_Jar.LogUtils.A}" />
    </annotation>
  </item>
  <item name="frameworkandroid.tan.com.bottomframework.util_Jar.LogUtils.Builder frameworkandroid.tan.com.bottomframework.util_Jar.LogUtils.Builder setFileFilter(int) 0">
    <annotation name="android.support.annotation.IntDef">
      <val name="value" val="{frameworkandroid.tan.com.bottomframework.util_Jar.LogUtils.V, frameworkandroid.tan.com.bottomframework.util_Jar.LogUtils.D, frameworkandroid.tan.com.bottomframework.util_Jar.LogUtils.I, frameworkandroid.tan.com.bottomframework.util_Jar.LogUtils.W, frameworkandroid.tan.com.bottomframework.util_Jar.LogUtils.E, frameworkandroid.tan.com.bottomframework.util_Jar.LogUtils.A}" />
    </annotation>
  </item>
  <item name="frameworkandroid.tan.com.bottomframework.util_Jar.SnackbarUtils frameworkandroid.tan.com.bottomframework.util_Jar.SnackbarUtils setBgResource(int) 0">
    <annotation name="android.support.annotation.DrawableRes" />
  </item>
  <item name="frameworkandroid.tan.com.bottomframework.util_Jar.SnackbarUtils frameworkandroid.tan.com.bottomframework.util_Jar.SnackbarUtils setDuration(int) 0">
    <annotation name="android.support.annotation.IntDef">
      <val name="value" val="{frameworkandroid.tan.com.bottomframework.util_Jar.SnackbarUtils.LENGTH_INDEFINITE, frameworkandroid.tan.com.bottomframework.util_Jar.SnackbarUtils.LENGTH_SHORT, frameworkandroid.tan.com.bottomframework.util_Jar.SnackbarUtils.LENGTH_LONG}" />
    </annotation>
  </item>
  <item name="frameworkandroid.tan.com.bottomframework.util_Jar.SnackbarUtils void addView(int, android.view.ViewGroup.LayoutParams) 0">
    <annotation name="android.support.annotation.LayoutRes" />
  </item>
  <item name="frameworkandroid.tan.com.bottomframework.util_Jar.SpanUtils frameworkandroid.tan.com.bottomframework.util_Jar.SpanUtils appendImage(android.graphics.Bitmap, int) 1">
    <annotation name="android.support.annotation.IntDef">
      <val name="value" val="{frameworkandroid.tan.com.bottomframework.util_Jar.SpanUtils.ALIGN_BOTTOM, frameworkandroid.tan.com.bottomframework.util_Jar.SpanUtils.ALIGN_BASELINE, frameworkandroid.tan.com.bottomframework.util_Jar.SpanUtils.ALIGN_CENTER, frameworkandroid.tan.com.bottomframework.util_Jar.SpanUtils.ALIGN_TOP}" />
    </annotation>
  </item>
  <item name="frameworkandroid.tan.com.bottomframework.util_Jar.SpanUtils frameworkandroid.tan.com.bottomframework.util_Jar.SpanUtils appendImage(android.graphics.drawable.Drawable, int) 1">
    <annotation name="android.support.annotation.IntDef">
      <val name="value" val="{frameworkandroid.tan.com.bottomframework.util_Jar.SpanUtils.ALIGN_BOTTOM, frameworkandroid.tan.com.bottomframework.util_Jar.SpanUtils.ALIGN_BASELINE, frameworkandroid.tan.com.bottomframework.util_Jar.SpanUtils.ALIGN_CENTER, frameworkandroid.tan.com.bottomframework.util_Jar.SpanUtils.ALIGN_TOP}" />
    </annotation>
  </item>
  <item name="frameworkandroid.tan.com.bottomframework.util_Jar.SpanUtils frameworkandroid.tan.com.bottomframework.util_Jar.SpanUtils appendImage(android.net.Uri, int) 1">
    <annotation name="android.support.annotation.IntDef">
      <val name="value" val="{frameworkandroid.tan.com.bottomframework.util_Jar.SpanUtils.ALIGN_BOTTOM, frameworkandroid.tan.com.bottomframework.util_Jar.SpanUtils.ALIGN_BASELINE, frameworkandroid.tan.com.bottomframework.util_Jar.SpanUtils.ALIGN_CENTER, frameworkandroid.tan.com.bottomframework.util_Jar.SpanUtils.ALIGN_TOP}" />
    </annotation>
  </item>
  <item name="frameworkandroid.tan.com.bottomframework.util_Jar.SpanUtils frameworkandroid.tan.com.bottomframework.util_Jar.SpanUtils appendImage(int) 0">
    <annotation name="android.support.annotation.DrawableRes" />
  </item>
  <item name="frameworkandroid.tan.com.bottomframework.util_Jar.SpanUtils frameworkandroid.tan.com.bottomframework.util_Jar.SpanUtils appendImage(int, int) 0">
    <annotation name="android.support.annotation.DrawableRes" />
  </item>
  <item name="frameworkandroid.tan.com.bottomframework.util_Jar.SpanUtils frameworkandroid.tan.com.bottomframework.util_Jar.SpanUtils appendImage(int, int) 1">
    <annotation name="android.support.annotation.IntDef">
      <val name="value" val="{frameworkandroid.tan.com.bottomframework.util_Jar.SpanUtils.ALIGN_BOTTOM, frameworkandroid.tan.com.bottomframework.util_Jar.SpanUtils.ALIGN_BASELINE, frameworkandroid.tan.com.bottomframework.util_Jar.SpanUtils.ALIGN_CENTER, frameworkandroid.tan.com.bottomframework.util_Jar.SpanUtils.ALIGN_TOP}" />
    </annotation>
  </item>
  <item name="frameworkandroid.tan.com.bottomframework.util_Jar.SpanUtils frameworkandroid.tan.com.bottomframework.util_Jar.SpanUtils setIconMargin(android.graphics.Bitmap, int, int) 2">
    <annotation name="android.support.annotation.IntDef">
      <val name="value" val="{frameworkandroid.tan.com.bottomframework.util_Jar.SpanUtils.ALIGN_BOTTOM, frameworkandroid.tan.com.bottomframework.util_Jar.SpanUtils.ALIGN_BASELINE, frameworkandroid.tan.com.bottomframework.util_Jar.SpanUtils.ALIGN_CENTER, frameworkandroid.tan.com.bottomframework.util_Jar.SpanUtils.ALIGN_TOP}" />
    </annotation>
  </item>
  <item name="frameworkandroid.tan.com.bottomframework.util_Jar.SpanUtils frameworkandroid.tan.com.bottomframework.util_Jar.SpanUtils setIconMargin(android.graphics.drawable.Drawable, int, int) 2">
    <annotation name="android.support.annotation.IntDef">
      <val name="value" val="{frameworkandroid.tan.com.bottomframework.util_Jar.SpanUtils.ALIGN_BOTTOM, frameworkandroid.tan.com.bottomframework.util_Jar.SpanUtils.ALIGN_BASELINE, frameworkandroid.tan.com.bottomframework.util_Jar.SpanUtils.ALIGN_CENTER, frameworkandroid.tan.com.bottomframework.util_Jar.SpanUtils.ALIGN_TOP}" />
    </annotation>
  </item>
  <item name="frameworkandroid.tan.com.bottomframework.util_Jar.SpanUtils frameworkandroid.tan.com.bottomframework.util_Jar.SpanUtils setIconMargin(android.net.Uri, int, int) 2">
    <annotation name="android.support.annotation.IntDef">
      <val name="value" val="{frameworkandroid.tan.com.bottomframework.util_Jar.SpanUtils.ALIGN_BOTTOM, frameworkandroid.tan.com.bottomframework.util_Jar.SpanUtils.ALIGN_BASELINE, frameworkandroid.tan.com.bottomframework.util_Jar.SpanUtils.ALIGN_CENTER, frameworkandroid.tan.com.bottomframework.util_Jar.SpanUtils.ALIGN_TOP}" />
    </annotation>
  </item>
  <item name="frameworkandroid.tan.com.bottomframework.util_Jar.SpanUtils frameworkandroid.tan.com.bottomframework.util_Jar.SpanUtils setIconMargin(int) 0">
    <annotation name="android.support.annotation.DrawableRes" />
  </item>
  <item name="frameworkandroid.tan.com.bottomframework.util_Jar.SpanUtils frameworkandroid.tan.com.bottomframework.util_Jar.SpanUtils setIconMargin(int, int, int) 0">
    <annotation name="android.support.annotation.DrawableRes" />
  </item>
  <item name="frameworkandroid.tan.com.bottomframework.util_Jar.SpanUtils frameworkandroid.tan.com.bottomframework.util_Jar.SpanUtils setIconMargin(int, int, int) 2">
    <annotation name="android.support.annotation.IntDef">
      <val name="value" val="{frameworkandroid.tan.com.bottomframework.util_Jar.SpanUtils.ALIGN_BOTTOM, frameworkandroid.tan.com.bottomframework.util_Jar.SpanUtils.ALIGN_BASELINE, frameworkandroid.tan.com.bottomframework.util_Jar.SpanUtils.ALIGN_CENTER, frameworkandroid.tan.com.bottomframework.util_Jar.SpanUtils.ALIGN_TOP}" />
    </annotation>
  </item>
  <item name="frameworkandroid.tan.com.bottomframework.util_Jar.SpanUtils.CustomImageSpan CustomImageSpan(android.content.Context, int, int) 1">
    <annotation name="android.support.annotation.DrawableRes" />
  </item>
  <item name="frameworkandroid.tan.com.bottomframework.util_Jar.TimeUtils java.lang.String getString(java.lang.String, java.text.DateFormat, long, int) 3">
    <annotation name="android.support.annotation.IntDef">
      <val name="value" val="{frameworkandroid.tan.com.bottomframework.util_Jar.TimeConstants.MSEC, frameworkandroid.tan.com.bottomframework.util_Jar.TimeConstants.SEC, frameworkandroid.tan.com.bottomframework.util_Jar.TimeConstants.MIN, frameworkandroid.tan.com.bottomframework.util_Jar.TimeConstants.HOUR, frameworkandroid.tan.com.bottomframework.util_Jar.TimeConstants.DAY}" />
    </annotation>
  </item>
  <item name="frameworkandroid.tan.com.bottomframework.util_Jar.TimeUtils java.lang.String getString(java.lang.String, long, int) 2">
    <annotation name="android.support.annotation.IntDef">
      <val name="value" val="{frameworkandroid.tan.com.bottomframework.util_Jar.TimeConstants.MSEC, frameworkandroid.tan.com.bottomframework.util_Jar.TimeConstants.SEC, frameworkandroid.tan.com.bottomframework.util_Jar.TimeConstants.MIN, frameworkandroid.tan.com.bottomframework.util_Jar.TimeConstants.HOUR, frameworkandroid.tan.com.bottomframework.util_Jar.TimeConstants.DAY}" />
    </annotation>
  </item>
  <item name="frameworkandroid.tan.com.bottomframework.util_Jar.TimeUtils java.lang.String getString(java.util.Date, java.text.DateFormat, long, int) 3">
    <annotation name="android.support.annotation.IntDef">
      <val name="value" val="{frameworkandroid.tan.com.bottomframework.util_Jar.TimeConstants.MSEC, frameworkandroid.tan.com.bottomframework.util_Jar.TimeConstants.SEC, frameworkandroid.tan.com.bottomframework.util_Jar.TimeConstants.MIN, frameworkandroid.tan.com.bottomframework.util_Jar.TimeConstants.HOUR, frameworkandroid.tan.com.bottomframework.util_Jar.TimeConstants.DAY}" />
    </annotation>
  </item>
  <item name="frameworkandroid.tan.com.bottomframework.util_Jar.TimeUtils java.lang.String getString(java.util.Date, long, int) 2">
    <annotation name="android.support.annotation.IntDef">
      <val name="value" val="{frameworkandroid.tan.com.bottomframework.util_Jar.TimeConstants.MSEC, frameworkandroid.tan.com.bottomframework.util_Jar.TimeConstants.SEC, frameworkandroid.tan.com.bottomframework.util_Jar.TimeConstants.MIN, frameworkandroid.tan.com.bottomframework.util_Jar.TimeConstants.HOUR, frameworkandroid.tan.com.bottomframework.util_Jar.TimeConstants.DAY}" />
    </annotation>
  </item>
  <item name="frameworkandroid.tan.com.bottomframework.util_Jar.TimeUtils java.lang.String getString(long, java.text.DateFormat, long, int) 3">
    <annotation name="android.support.annotation.IntDef">
      <val name="value" val="{frameworkandroid.tan.com.bottomframework.util_Jar.TimeConstants.MSEC, frameworkandroid.tan.com.bottomframework.util_Jar.TimeConstants.SEC, frameworkandroid.tan.com.bottomframework.util_Jar.TimeConstants.MIN, frameworkandroid.tan.com.bottomframework.util_Jar.TimeConstants.HOUR, frameworkandroid.tan.com.bottomframework.util_Jar.TimeConstants.DAY}" />
    </annotation>
  </item>
  <item name="frameworkandroid.tan.com.bottomframework.util_Jar.TimeUtils java.lang.String getString(long, long, int) 2">
    <annotation name="android.support.annotation.IntDef">
      <val name="value" val="{frameworkandroid.tan.com.bottomframework.util_Jar.TimeConstants.MSEC, frameworkandroid.tan.com.bottomframework.util_Jar.TimeConstants.SEC, frameworkandroid.tan.com.bottomframework.util_Jar.TimeConstants.MIN, frameworkandroid.tan.com.bottomframework.util_Jar.TimeConstants.HOUR, frameworkandroid.tan.com.bottomframework.util_Jar.TimeConstants.DAY}" />
    </annotation>
  </item>
  <item name="frameworkandroid.tan.com.bottomframework.util_Jar.TimeUtils java.lang.String getStringByNow(long, int) 1">
    <annotation name="android.support.annotation.IntDef">
      <val name="value" val="{frameworkandroid.tan.com.bottomframework.util_Jar.TimeConstants.MSEC, frameworkandroid.tan.com.bottomframework.util_Jar.TimeConstants.SEC, frameworkandroid.tan.com.bottomframework.util_Jar.TimeConstants.MIN, frameworkandroid.tan.com.bottomframework.util_Jar.TimeConstants.HOUR, frameworkandroid.tan.com.bottomframework.util_Jar.TimeConstants.DAY}" />
    </annotation>
  </item>
  <item name="frameworkandroid.tan.com.bottomframework.util_Jar.TimeUtils java.lang.String getStringByNow(long, java.text.DateFormat, int) 2">
    <annotation name="android.support.annotation.IntDef">
      <val name="value" val="{frameworkandroid.tan.com.bottomframework.util_Jar.TimeConstants.MSEC, frameworkandroid.tan.com.bottomframework.util_Jar.TimeConstants.SEC, frameworkandroid.tan.com.bottomframework.util_Jar.TimeConstants.MIN, frameworkandroid.tan.com.bottomframework.util_Jar.TimeConstants.HOUR, frameworkandroid.tan.com.bottomframework.util_Jar.TimeConstants.DAY}" />
    </annotation>
  </item>
  <item name="frameworkandroid.tan.com.bottomframework.util_Jar.TimeUtils java.util.Date getDate(java.lang.String, java.text.DateFormat, long, int) 3">
    <annotation name="android.support.annotation.IntDef">
      <val name="value" val="{frameworkandroid.tan.com.bottomframework.util_Jar.TimeConstants.MSEC, frameworkandroid.tan.com.bottomframework.util_Jar.TimeConstants.SEC, frameworkandroid.tan.com.bottomframework.util_Jar.TimeConstants.MIN, frameworkandroid.tan.com.bottomframework.util_Jar.TimeConstants.HOUR, frameworkandroid.tan.com.bottomframework.util_Jar.TimeConstants.DAY}" />
    </annotation>
  </item>
  <item name="frameworkandroid.tan.com.bottomframework.util_Jar.TimeUtils java.util.Date getDate(java.lang.String, long, int) 2">
    <annotation name="android.support.annotation.IntDef">
      <val name="value" val="{frameworkandroid.tan.com.bottomframework.util_Jar.TimeConstants.MSEC, frameworkandroid.tan.com.bottomframework.util_Jar.TimeConstants.SEC, frameworkandroid.tan.com.bottomframework.util_Jar.TimeConstants.MIN, frameworkandroid.tan.com.bottomframework.util_Jar.TimeConstants.HOUR, frameworkandroid.tan.com.bottomframework.util_Jar.TimeConstants.DAY}" />
    </annotation>
  </item>
  <item name="frameworkandroid.tan.com.bottomframework.util_Jar.TimeUtils java.util.Date getDate(java.util.Date, long, int) 2">
    <annotation name="android.support.annotation.IntDef">
      <val name="value" val="{frameworkandroid.tan.com.bottomframework.util_Jar.TimeConstants.MSEC, frameworkandroid.tan.com.bottomframework.util_Jar.TimeConstants.SEC, frameworkandroid.tan.com.bottomframework.util_Jar.TimeConstants.MIN, frameworkandroid.tan.com.bottomframework.util_Jar.TimeConstants.HOUR, frameworkandroid.tan.com.bottomframework.util_Jar.TimeConstants.DAY}" />
    </annotation>
  </item>
  <item name="frameworkandroid.tan.com.bottomframework.util_Jar.TimeUtils java.util.Date getDate(long, long, int) 2">
    <annotation name="android.support.annotation.IntDef">
      <val name="value" val="{frameworkandroid.tan.com.bottomframework.util_Jar.TimeConstants.MSEC, frameworkandroid.tan.com.bottomframework.util_Jar.TimeConstants.SEC, frameworkandroid.tan.com.bottomframework.util_Jar.TimeConstants.MIN, frameworkandroid.tan.com.bottomframework.util_Jar.TimeConstants.HOUR, frameworkandroid.tan.com.bottomframework.util_Jar.TimeConstants.DAY}" />
    </annotation>
  </item>
  <item name="frameworkandroid.tan.com.bottomframework.util_Jar.TimeUtils java.util.Date getDateByNow(long, int) 1">
    <annotation name="android.support.annotation.IntDef">
      <val name="value" val="{frameworkandroid.tan.com.bottomframework.util_Jar.TimeConstants.MSEC, frameworkandroid.tan.com.bottomframework.util_Jar.TimeConstants.SEC, frameworkandroid.tan.com.bottomframework.util_Jar.TimeConstants.MIN, frameworkandroid.tan.com.bottomframework.util_Jar.TimeConstants.HOUR, frameworkandroid.tan.com.bottomframework.util_Jar.TimeConstants.DAY}" />
    </annotation>
  </item>
  <item name="frameworkandroid.tan.com.bottomframework.util_Jar.TimeUtils long getMillis(java.lang.String, java.text.DateFormat, long, int) 3">
    <annotation name="android.support.annotation.IntDef">
      <val name="value" val="{frameworkandroid.tan.com.bottomframework.util_Jar.TimeConstants.MSEC, frameworkandroid.tan.com.bottomframework.util_Jar.TimeConstants.SEC, frameworkandroid.tan.com.bottomframework.util_Jar.TimeConstants.MIN, frameworkandroid.tan.com.bottomframework.util_Jar.TimeConstants.HOUR, frameworkandroid.tan.com.bottomframework.util_Jar.TimeConstants.DAY}" />
    </annotation>
  </item>
  <item name="frameworkandroid.tan.com.bottomframework.util_Jar.TimeUtils long getMillis(java.lang.String, long, int) 2">
    <annotation name="android.support.annotation.IntDef">
      <val name="value" val="{frameworkandroid.tan.com.bottomframework.util_Jar.TimeConstants.MSEC, frameworkandroid.tan.com.bottomframework.util_Jar.TimeConstants.SEC, frameworkandroid.tan.com.bottomframework.util_Jar.TimeConstants.MIN, frameworkandroid.tan.com.bottomframework.util_Jar.TimeConstants.HOUR, frameworkandroid.tan.com.bottomframework.util_Jar.TimeConstants.DAY}" />
    </annotation>
  </item>
  <item name="frameworkandroid.tan.com.bottomframework.util_Jar.TimeUtils long getMillis(java.util.Date, long, int) 2">
    <annotation name="android.support.annotation.IntDef">
      <val name="value" val="{frameworkandroid.tan.com.bottomframework.util_Jar.TimeConstants.MSEC, frameworkandroid.tan.com.bottomframework.util_Jar.TimeConstants.SEC, frameworkandroid.tan.com.bottomframework.util_Jar.TimeConstants.MIN, frameworkandroid.tan.com.bottomframework.util_Jar.TimeConstants.HOUR, frameworkandroid.tan.com.bottomframework.util_Jar.TimeConstants.DAY}" />
    </annotation>
  </item>
  <item name="frameworkandroid.tan.com.bottomframework.util_Jar.TimeUtils long getMillis(long, long, int) 2">
    <annotation name="android.support.annotation.IntDef">
      <val name="value" val="{frameworkandroid.tan.com.bottomframework.util_Jar.TimeConstants.MSEC, frameworkandroid.tan.com.bottomframework.util_Jar.TimeConstants.SEC, frameworkandroid.tan.com.bottomframework.util_Jar.TimeConstants.MIN, frameworkandroid.tan.com.bottomframework.util_Jar.TimeConstants.HOUR, frameworkandroid.tan.com.bottomframework.util_Jar.TimeConstants.DAY}" />
    </annotation>
  </item>
  <item name="frameworkandroid.tan.com.bottomframework.util_Jar.TimeUtils long getMillisByNow(long, int) 1">
    <annotation name="android.support.annotation.IntDef">
      <val name="value" val="{frameworkandroid.tan.com.bottomframework.util_Jar.TimeConstants.MSEC, frameworkandroid.tan.com.bottomframework.util_Jar.TimeConstants.SEC, frameworkandroid.tan.com.bottomframework.util_Jar.TimeConstants.MIN, frameworkandroid.tan.com.bottomframework.util_Jar.TimeConstants.HOUR, frameworkandroid.tan.com.bottomframework.util_Jar.TimeConstants.DAY}" />
    </annotation>
  </item>
  <item name="frameworkandroid.tan.com.bottomframework.util_Jar.TimeUtils long getTimeSpan(java.lang.String, java.lang.String, int) 2">
    <annotation name="android.support.annotation.IntDef">
      <val name="value" val="{frameworkandroid.tan.com.bottomframework.util_Jar.TimeConstants.MSEC, frameworkandroid.tan.com.bottomframework.util_Jar.TimeConstants.SEC, frameworkandroid.tan.com.bottomframework.util_Jar.TimeConstants.MIN, frameworkandroid.tan.com.bottomframework.util_Jar.TimeConstants.HOUR, frameworkandroid.tan.com.bottomframework.util_Jar.TimeConstants.DAY}" />
    </annotation>
  </item>
  <item name="frameworkandroid.tan.com.bottomframework.util_Jar.TimeUtils long getTimeSpan(java.lang.String, java.lang.String, java.text.DateFormat, int) 3">
    <annotation name="android.support.annotation.IntDef">
      <val name="value" val="{frameworkandroid.tan.com.bottomframework.util_Jar.TimeConstants.MSEC, frameworkandroid.tan.com.bottomframework.util_Jar.TimeConstants.SEC, frameworkandroid.tan.com.bottomframework.util_Jar.TimeConstants.MIN, frameworkandroid.tan.com.bottomframework.util_Jar.TimeConstants.HOUR, frameworkandroid.tan.com.bottomframework.util_Jar.TimeConstants.DAY}" />
    </annotation>
  </item>
  <item name="frameworkandroid.tan.com.bottomframework.util_Jar.TimeUtils long getTimeSpan(java.util.Date, java.util.Date, int) 2">
    <annotation name="android.support.annotation.IntDef">
      <val name="value" val="{frameworkandroid.tan.com.bottomframework.util_Jar.TimeConstants.MSEC, frameworkandroid.tan.com.bottomframework.util_Jar.TimeConstants.SEC, frameworkandroid.tan.com.bottomframework.util_Jar.TimeConstants.MIN, frameworkandroid.tan.com.bottomframework.util_Jar.TimeConstants.HOUR, frameworkandroid.tan.com.bottomframework.util_Jar.TimeConstants.DAY}" />
    </annotation>
  </item>
  <item name="frameworkandroid.tan.com.bottomframework.util_Jar.TimeUtils long getTimeSpan(long, long, int) 2">
    <annotation name="android.support.annotation.IntDef">
      <val name="value" val="{frameworkandroid.tan.com.bottomframework.util_Jar.TimeConstants.MSEC, frameworkandroid.tan.com.bottomframework.util_Jar.TimeConstants.SEC, frameworkandroid.tan.com.bottomframework.util_Jar.TimeConstants.MIN, frameworkandroid.tan.com.bottomframework.util_Jar.TimeConstants.HOUR, frameworkandroid.tan.com.bottomframework.util_Jar.TimeConstants.DAY}" />
    </annotation>
  </item>
  <item name="frameworkandroid.tan.com.bottomframework.util_Jar.TimeUtils long getTimeSpanByNow(java.lang.String, int) 1">
    <annotation name="android.support.annotation.IntDef">
      <val name="value" val="{frameworkandroid.tan.com.bottomframework.util_Jar.TimeConstants.MSEC, frameworkandroid.tan.com.bottomframework.util_Jar.TimeConstants.SEC, frameworkandroid.tan.com.bottomframework.util_Jar.TimeConstants.MIN, frameworkandroid.tan.com.bottomframework.util_Jar.TimeConstants.HOUR, frameworkandroid.tan.com.bottomframework.util_Jar.TimeConstants.DAY}" />
    </annotation>
  </item>
  <item name="frameworkandroid.tan.com.bottomframework.util_Jar.TimeUtils long getTimeSpanByNow(java.lang.String, java.text.DateFormat, int) 2">
    <annotation name="android.support.annotation.IntDef">
      <val name="value" val="{frameworkandroid.tan.com.bottomframework.util_Jar.TimeConstants.MSEC, frameworkandroid.tan.com.bottomframework.util_Jar.TimeConstants.SEC, frameworkandroid.tan.com.bottomframework.util_Jar.TimeConstants.MIN, frameworkandroid.tan.com.bottomframework.util_Jar.TimeConstants.HOUR, frameworkandroid.tan.com.bottomframework.util_Jar.TimeConstants.DAY}" />
    </annotation>
  </item>
  <item name="frameworkandroid.tan.com.bottomframework.util_Jar.TimeUtils long getTimeSpanByNow(java.util.Date, int) 1">
    <annotation name="android.support.annotation.IntDef">
      <val name="value" val="{frameworkandroid.tan.com.bottomframework.util_Jar.TimeConstants.MSEC, frameworkandroid.tan.com.bottomframework.util_Jar.TimeConstants.SEC, frameworkandroid.tan.com.bottomframework.util_Jar.TimeConstants.MIN, frameworkandroid.tan.com.bottomframework.util_Jar.TimeConstants.HOUR, frameworkandroid.tan.com.bottomframework.util_Jar.TimeConstants.DAY}" />
    </annotation>
  </item>
  <item name="frameworkandroid.tan.com.bottomframework.util_Jar.TimeUtils long getTimeSpanByNow(long, int) 1">
    <annotation name="android.support.annotation.IntDef">
      <val name="value" val="{frameworkandroid.tan.com.bottomframework.util_Jar.TimeConstants.MSEC, frameworkandroid.tan.com.bottomframework.util_Jar.TimeConstants.SEC, frameworkandroid.tan.com.bottomframework.util_Jar.TimeConstants.MIN, frameworkandroid.tan.com.bottomframework.util_Jar.TimeConstants.HOUR, frameworkandroid.tan.com.bottomframework.util_Jar.TimeConstants.DAY}" />
    </annotation>
  </item>
  <item name="frameworkandroid.tan.com.bottomframework.util_Jar.TimeUtils long millis2TimeSpan(long, int) 1">
    <annotation name="android.support.annotation.IntDef">
      <val name="value" val="{frameworkandroid.tan.com.bottomframework.util_Jar.TimeConstants.MSEC, frameworkandroid.tan.com.bottomframework.util_Jar.TimeConstants.SEC, frameworkandroid.tan.com.bottomframework.util_Jar.TimeConstants.MIN, frameworkandroid.tan.com.bottomframework.util_Jar.TimeConstants.HOUR, frameworkandroid.tan.com.bottomframework.util_Jar.TimeConstants.DAY}" />
    </annotation>
  </item>
  <item name="frameworkandroid.tan.com.bottomframework.util_Jar.TimeUtils long timeSpan2Millis(long, int) 1">
    <annotation name="android.support.annotation.IntDef">
      <val name="value" val="{frameworkandroid.tan.com.bottomframework.util_Jar.TimeConstants.MSEC, frameworkandroid.tan.com.bottomframework.util_Jar.TimeConstants.SEC, frameworkandroid.tan.com.bottomframework.util_Jar.TimeConstants.MIN, frameworkandroid.tan.com.bottomframework.util_Jar.TimeConstants.HOUR, frameworkandroid.tan.com.bottomframework.util_Jar.TimeConstants.DAY}" />
    </annotation>
  </item>
  <item name="frameworkandroid.tan.com.bottomframework.util_Jar.ToastUtils void setBgResource(int) 0">
    <annotation name="android.support.annotation.DrawableRes" />
  </item>
  <item name="frameworkandroid.tan.com.bottomframework.util_Jar.ToastUtils void setView(int) 0">
    <annotation name="android.support.annotation.LayoutRes" />
  </item>
  <item name="frameworkandroid.tan.com.bottomframework.util_Jar.ToastUtils void show(int, int) 0">
    <annotation name="android.support.annotation.StringRes" />
  </item>
  <item name="frameworkandroid.tan.com.bottomframework.util_Jar.ToastUtils void show(int, int, java.lang.Object...) 0">
    <annotation name="android.support.annotation.StringRes" />
  </item>
  <item name="frameworkandroid.tan.com.bottomframework.util_Jar.ToastUtils void showCustomLong(int) 0">
    <annotation name="android.support.annotation.LayoutRes" />
  </item>
  <item name="frameworkandroid.tan.com.bottomframework.util_Jar.ToastUtils void showCustomLongSafe(int) 0">
    <annotation name="android.support.annotation.LayoutRes" />
  </item>
  <item name="frameworkandroid.tan.com.bottomframework.util_Jar.ToastUtils void showCustomShort(int) 0">
    <annotation name="android.support.annotation.LayoutRes" />
  </item>
  <item name="frameworkandroid.tan.com.bottomframework.util_Jar.ToastUtils void showCustomShortSafe(int) 0">
    <annotation name="android.support.annotation.LayoutRes" />
  </item>
  <item name="frameworkandroid.tan.com.bottomframework.util_Jar.ToastUtils void showLong(int) 0">
    <annotation name="android.support.annotation.StringRes" />
  </item>
  <item name="frameworkandroid.tan.com.bottomframework.util_Jar.ToastUtils void showLong(int, java.lang.Object...) 0">
    <annotation name="android.support.annotation.StringRes" />
  </item>
  <item name="frameworkandroid.tan.com.bottomframework.util_Jar.ToastUtils void showLongSafe(int) 0">
    <annotation name="android.support.annotation.StringRes" />
  </item>
  <item name="frameworkandroid.tan.com.bottomframework.util_Jar.ToastUtils void showLongSafe(int, java.lang.Object...) 0">
    <annotation name="android.support.annotation.StringRes" />
  </item>
  <item name="frameworkandroid.tan.com.bottomframework.util_Jar.ToastUtils void showShort(int) 0">
    <annotation name="android.support.annotation.StringRes" />
  </item>
  <item name="frameworkandroid.tan.com.bottomframework.util_Jar.ToastUtils void showShort(int, java.lang.Object...) 0">
    <annotation name="android.support.annotation.StringRes" />
  </item>
  <item name="frameworkandroid.tan.com.bottomframework.util_Jar.ToastUtils void showShortSafe(int) 0">
    <annotation name="android.support.annotation.StringRes" />
  </item>
  <item name="frameworkandroid.tan.com.bottomframework.util_Jar.ToastUtils void showShortSafe(int, java.lang.Object...) 0">
    <annotation name="android.support.annotation.StringRes" />
  </item>
</root>

